,CMElon,CMElat,CMEtilt,height,k,ang
0,61.0,20.0,71.0,8.0,0.13135196932861837,30.0
1,61.0,21.0,70.0,6.0,0.17909743038102544,31.0
2,61.0,21.0,72.0,8.0,0.8321170538766816,31.0
