,CMElon,CMElat,CMEtilt,height,k,ang
0,60.0,22.0,70.0,6.0,0.565601275086181,30.0
1,60.0,21.0,70.0,7.0,0.7100157332961287,31.0
2,62.0,22.0,71.0,6.0,0.1182772069265825,31.0
